{"cameraMode":{"drawMode":0,"name":"Shaded","section":"Shading Mode"},"sceneLighting":false,"audioPlay":false,"sceneViewState":{"showFog":true,"showMaterialUpdate":false,"showSkybox":true,"showFlares":true,"showImageEffects":true,"showParticleSystems":true},"in2DMode":false,"pivot":{"x":-0.03497759997844696,"y":-0.6795432567596436,"z":0.15885114669799806},"rotation":{"x":0.4065844714641571,"y":-0.020269090309739114,"z":0.009023592807352543,"w":0.9133437871932983},"size":3.580604314804077,"orthographic":false}