{"cameraMode":{"drawMode":0,"name":"Shaded","section":"Shading Mode"},"sceneLighting":false,"audioPlay":false,"sceneViewState":{"showFog":true,"showMaterialUpdate":false,"showSkybox":true,"showFlares":true,"showImageEffects":true,"showParticleSystems":true},"in2DMode":false,"pivot":{"x":0.538605809211731,"y":-2.582690477371216,"z":1.2490884065628052},"rotation":{"x":0.5558881163597107,"y":-0.028406940400600435,"z":0.01901293359696865,"w":0.8305540084838867},"size":6.0498433113098148,"orthographic":false}