{"cameraMode":{"drawMode":0,"name":"Shaded","section":"Shading Mode"},"sceneLighting":false,"audioPlay":false,"sceneViewState":{"showFog":true,"showMaterialUpdate":false,"showSkybox":true,"showFlares":true,"showImageEffects":true,"showParticleSystems":true},"in2DMode":false,"pivot":{"x":6.550000190734863,"y":0.5,"z":4.389999866485596},"rotation":{"x":0.40803736448287966,"y":0.004932564217597246,"z":-0.0022046740632504226,"w":0.91294926404953},"size":2.4052677154541017,"orthographic":false}