{"cameraMode":{"drawMode":0,"name":"Shaded","section":"Shading Mode"},"sceneLighting":false,"audioPlay":false,"sceneViewState":{"showFog":true,"showMaterialUpdate":false,"showSkybox":true,"showFlares":true,"showImageEffects":true,"showParticleSystems":true},"in2DMode":false,"pivot":{"x":-0.006982309743762016,"y":0.17199891805648805,"z":0.06061351299285889},"rotation":{"x":-0.00003970985198975541,"y":-0.9990395903587341,"z":0.04380852356553078,"w":-0.0008909127791412175},"size":1.1368656158447266,"orthographic":false}