{"cameraMode":{"drawMode":0,"name":"Shaded","section":"Shading Mode"},"sceneLighting":false,"audioPlay":false,"sceneViewState":{"showFog":true,"showMaterialUpdate":false,"showSkybox":true,"showFlares":true,"showImageEffects":true,"showParticleSystems":true},"in2DMode":false,"pivot":{"x":-0.07560467720031738,"y":-0.7817054986953735,"z":0.28931355476379397},"rotation":{"x":0.2857278287410736,"y":-0.01838773302733898,"z":0.005484119988977909,"w":0.9581186771392822},"size":3.7578835487365724,"orthographic":false}