{"cameraMode":{"drawMode":0,"name":"Shaded","section":"Shading Mode"},"sceneLighting":false,"audioPlay":false,"sceneViewState":{"showFog":true,"showMaterialUpdate":false,"showSkybox":true,"showFlares":true,"showImageEffects":true,"showParticleSystems":true},"in2DMode":false,"pivot":{"x":6.15518045425415,"y":0.05481088161468506,"z":0.22972294688224793},"rotation":{"x":0.0519469752907753,"y":0.7079336643218994,"z":-0.05235527828335762,"w":0.7024175524711609},"size":7.894893169403076,"orthographic":false}