{"cameraMode":{"drawMode":0,"name":"Shaded","section":"Shading Mode"},"sceneLighting":false,"audioPlay":false,"sceneViewState":{"showFog":true,"showMaterialUpdate":false,"showSkybox":true,"showFlares":true,"showImageEffects":true,"showParticleSystems":true},"in2DMode":false,"pivot":{"x":0.18236970901489259,"y":1.602440357208252,"z":0.7395966053009033},"rotation":{"x":0.11700643599033356,"y":-0.027991073206067086,"z":0.003299573203548789,"w":0.9927311539649963},"size":4.439481258392334,"orthographic":false}