{"cameraMode":{"drawMode":0,"name":"Shaded","section":"Shading Mode"},"sceneLighting":false,"audioPlay":false,"sceneViewState":{"showFog":true,"showMaterialUpdate":false,"showSkybox":true,"showFlares":true,"showImageEffects":true,"showParticleSystems":true},"in2DMode":false,"pivot":{"x":-0.08226137608289719,"y":0.0870065689086914,"z":0.15500760078430177},"rotation":{"x":0.23509956896305085,"y":-0.0011553115909919143,"z":0.00028001778991892934,"w":0.9719705581665039},"size":2.541658639907837,"orthographic":false}