{"cameraMode":{"drawMode":0,"name":"Shaded","section":"Shading Mode"},"sceneLighting":false,"audioPlay":false,"sceneViewState":{"showFog":true,"showMaterialUpdate":false,"showSkybox":true,"showFlares":true,"showImageEffects":true,"showParticleSystems":true},"in2DMode":false,"pivot":{"x":6.550000190734863,"y":0.5,"z":4.389999866485596},"rotation":{"x":0.36655542254447939,"y":0.005026745609939098,"z":-0.0019805508200079204,"w":0.9303805828094482},"size":3.2477011680603029,"orthographic":false}