{"cameraMode":{"drawMode":0,"name":"Shaded","section":"Shading Mode"},"sceneLighting":false,"audioPlay":false,"sceneViewState":{"showFog":true,"showMaterialUpdate":false,"showSkybox":true,"showFlares":true,"showImageEffects":true,"showParticleSystems":true},"in2DMode":false,"pivot":{"x":-0.5638298988342285,"y":0.26046818494796755,"z":0.07661311328411102},"rotation":{"x":0.04875858128070831,"y":-0.6928781270980835,"z":0.047062166035175326,"w":0.7178633213043213},"size":2.6753957271575929,"orthographic":false}